title,totalScore,reviewsCount,street,city,state,countryCode,website,phone
Simplification Services,5,1,,,,,https://www.simplificationservices.com/,(512) 779-5626
Brand Water Austin Advertising Agency,5,6,13492 Research Blvd Suite 120 Unit 140,Austin,Texas,US,http://www.brandwatermedia.com/,(512) 689-0946
Ads4scale,5,13,13740 N Hwy 183 Ste L2 #428,Austin,Texas,US,https://ads4scale.com/,(737) 400-1039
Practice Cafe,4.8,40,9809 Anderson Mill Rd Suite 250,Austin,Texas,US,https://www.practicecafe.com/,(888) 575-2233
Infinity Digital Marketing,3.5,2,7655 N FM 620 Apt 526,Austin,Texas,US,,(512) 679-7299
Ambient Array,5,5,1205 Bmc Dr #106,Cedar Park,Texas,US,http://ambientarray.com/,(512) 521-6791
11thAgency,5,37,7801 N Lamar Blvd suite A 137,Austin,Texas,US,https://11thagency.com/,(512) 333-4515
Rodeo Creative (formerly Parrot Digital),5,51,1305 E 6th St APT 6,Austin,Texas,US,https://madebyrodeo.co/,(737) 265-3237
Blackhawk Digital Marketing,4.9,56,410 Baylor St unit b,Austin,Texas,US,https://www.blackhawkdm.com/,(512) 736-0127
Digitech SEO Austin & Web Design,5,53,7703 N Lamar Blvd #510,Austin,Texas,US,https://www.digitechwebdesignaustin.com/?utm_source=google&utm_medium=organic&utm_campaign=gmb,(512) 387-8654
3rd + Lamar,5,10,1706 Dungan Ln,Austin,Texas,US,https://3rdandlamar.com/,(512) 256-0614
Idea Peddler,4.9,53,1023 Springdale Rd #4e,Austin,Texas,US,https://ideapeddler.com/,
Allegiant Digital Marketing,5,64,106 E 6th St #900-O30,Austin,Texas,US,https://allegiantdigital.com/,(866) 645-1118
"JS Interactive, LLC",5,65,1913 Robbins Pl,Austin,Texas,US,https://js-interactive.com/?utm_source=googlebusinessprofileaustin&utm_medium=organic,(512) 522-5627
Direction,5,32,4005 Guadalupe St Suite B,Austin,Texas,US,https://direction.com/seo-austin-tx/,(737) 510-2477
HMG Creative,4.9,34,2400 E Cesar Chavez St Suite 316B,Austin,Texas,US,https://www.hmgcreative.com/,(888) 744-0464
(un)Common Logic,4.7,15,5926 Balcones Dr UNIT 130,Austin,Texas,US,https://www.uncommonlogic.com/,(512) 872-6935
ADMEN,5,77,401 N Congress Ave #1540,Austin,Texas,US,https://admen.com/?utm_source=Maps&utm_medium=GBM,(512) 568-3559
Austin SEO - Neon Ambition,5,32,701 Brazos St,Austin,Texas,US,https://neonambition.com/locations/digital-marketing-agency-austin/seo/?utm_source=google&utm_medium=organic&utm_campaign=gbp_austin,(512) 881-0187
Ollie Marketing,5,49,Mueller Blvd,Austin,Texas,US,https://olliemarketing.com/,(860) 422-3940
Jay Mehta Digital,5,23,1101 W 34th St unit 533,Austin,Texas,US,http://www.jaymehta.co/,(512) 621-8822
Lion's Share Digital,4.9,33,11807 Rain Forest Cove,Austin,Texas,US,https://lionssharedigital.com/,(512) 522-5063
DesignGood,5,50,1306 Northridge Dr,Austin,Texas,US,https://designgood.com/,(512) 965-8607
Black Ops Agency,5,28,8863 Anderson Mill Rd #117,Austin,Texas,US,http://blackopsagency.com/,(737) 371-9988
Digital Downforce Inc.,,,13809 Research Blvd Suite 500,Austin,Texas,US,http://www.digitaldownforce.com/,(512) 399-3040
DMD Creative Ads Studio,5,1,13355 US-183,Austin,Texas,US,https://dmdigitalads.com/,(614) 271-7810
Kickass Masterminds,1,46,13359 N Hwy 183 suite 406-714,Austin,Texas,US,http://www.kickassmasterminds.com/,(512) 575-3699
Digitize Global,,,7920 San Felipe Blvd #2506,Austin,Texas,US,https://digitizeglobal.com/,(737) 202-7778
DNA325 - Tech Recruitment Agency,5,3,13785 Research Blvd Suite 125,Austin,Texas,US,http://dna325.com/,(512) 861-1887
All City Real Estate,4.3,80,10222 Pecan Park Blvd Ste 10,Austin,Texas,US,http://allcityagents.com/,(866) 277-6005
Halo Effect Marketing,,,,,,,http://haloeffectmarketing.com/,(512) 758-2624
RG Agency,5,29,823 N Congress Ave,Austin,Texas,US,https://rgagencyusa.com/,(512) 994-2959
Adspace,5,51,236 Lessin Ln Unit #A,Austin,Texas,US,https://www.adspaceagency.com/?utm_campaign=gmb,(512) 553-1984
UGC Factory,4.9,27,111 Congress Ave. STE 500,Austin,Texas,US,http://www.ugcfactory.io/,(908) 418-3422
Stackmatix,5,13,411 W Monroe St,Austin,Texas,US,http://www.stackmatix.com/,(415) 993-9077
Workhorse,4.9,47,2400 E Cesar Chavez St Suite 316B,Austin,Texas,US,https://www.builtbyworkhorse.com/,(512) 910-7017
Top Austin SEO Company,5,63,106 E 6th St #900,Austin,Texas,US,https://www.topaustinseo.company/,(737) 236-2801
Hitch,4.8,20,2006 E Cesar Chavez St,Austin,Texas,US,https://hitch.co/,(512) 522-1233
Heart of the Sun (HOTS),5,15,7601 S Congress Ave Suite 310,Austin,Texas,US,https://heartofthesun.co/,(530) 408-0752
Motoza,5,32,500 W 2nd St Suite 1900,Austin,Texas,US,https://www.motoza.com/?utm_source=google&utm_medium=organic&utm_campaign=gmb-listing,(512) 879-6366
Performance Bull,,,6001 W Parmer Ln ste 370 977,Austin,Texas,US,https://performancebull.com/,(760) 338-0194
Digital Pulse Innovations,5,20,3310 W Braker Ln #300,Austin,Texas,US,http://www.digital-pulse-innovations.com/,(512) 843-9900
Bloom Communications,4.9,10,10900 Research Blvd #160C-118,Austin,Texas,US,https://bloomcommunications.com/,(512) 535-5066
PRLab | B2B Tech PR Agency,5,6,10900 Research Blvd #160c,Austin,Texas,US,https://prlab.co/locations/austin/,(831) 603-5485
Q1Media,4.4,33,8240 N Mopac Expy STE 250,Austin,Texas,US,http://www.q1media.com/,(512) 388-2300
Bulletproof FX Marketing & Web Development,5,6,10932 Mint Julep Dr,Austin,Texas,US,,(512) 203-9447
Upleaf Media,5,4,11301 Farrah Ln,Austin,Texas,US,https://upleafmedia.com/,(830) 822-1337
Fahrenheit Marketing,4.9,27,2500 W William Cannon Dr #205,Austin,Texas,US,https://www.fahrenheitmarketing.com/,(512) 206-4220
Kulture Digital,5,26,,Austin,Texas,US,https://www.kulturedigital.com/?utm_source=Google&utm_medium=Google%20Business&utm_campaign=GMB,(512) 910-5804
Gallant Branding,4.8,22,7509 Menchaca Rd #201,Austin,Texas,US,https://gallantbranding.com/,(512) 814-5152
,,,,,,,,
Allevi8 Marketing,5,62,6127 S University Ave Suite 110K,Chicago,Illinois,US,http://allevi8marketing.com/,(312) 445-1251
NR Media Agency,4,4,7050 S King Dr,Chicago,Illinois,US,http://www.nrmediaagency.com/,(312) 265-2531
The L3 Agency,5,1,56 E 47th St,Chicago,Illinois,US,https://thel3agency.com/,(312) 268-5207
Geo Digital Marketing,,,2537 W 79th St Unit 2B,Chicago,Illinois,US,http://geodm.us/,
Haztusitio,5,49,6058 S Pulaski Rd,Chicago,Illinois,US,https://haztusitio.com/contacto/,(773) 999-9059
"That's So Creative, LLC",5,2,3636 S Iron St Suite #C-350,Chicago,Illinois,US,https://thatssocreative.com/,(773) 981-9086
MECCA Marketing Group Inc. | MMGWebsites,4.8,4,6127 S University Ave Suite 07,Chicago,Illinois,US,https://mmgwebsites.com/,(312) 820-8720
Chicagotechsolution,5,2,5207 S Kedzie Ave,Chicago,Illinois,US,https://chicagotechsolution.com/,(773) 516-3780
myWHY Agency,5,2,5113 S Harper Ave,Chicago,Illinois,US,https://www.mywhyagency.com/contact/,(312) 291-1099
Infidigit | Digital Marketing Agency in Chicago,,,1503 W 73rd St,Chicago,Illinois,US,https://www.infidigit.us/?utm_source=google&utm_medium=GMB&utm_campaign=Website_Button_Chicago,(312) 532-2235
Motion Media Chicago,5,2,3300 W 63rd St,Chicago,Illinois,US,http://motionmediachicago.com/,(773) 556-7289
RAS Communications,5,3,"Approximate, 4000 W 63rd St",Chicago,Illinois,US,http://www.rascommunications.com/,(773) 835-7271
Comrade Digital Marketing Agency,4.8,98,332 S Michigan Ave #900,Chicago,Illinois,US,https://comradeweb.com/digital-marketing-agency-chicago/?utm_source=gbp&utm_medium=organic&utm_campaign=chicago_website,(312) 535-9325
"EMPro, Ltd",5,6,4192 N Elston Ave Apt J3,Chicago,Illinois,US,http://www.emproltd.com/,(312) 485-1778
Carey Muhammad Digital Marketing,,,6426 S Dorchester Ave,Chicago,Illinois,US,https://careymuhammad.com/,(312) 218-6598
SocialDentity Digital Marketing,,,5113 S Harper Ave,Chicago,Illinois,US,http://www.socialdentitydigitalmarketing.com/,(888) 410-7222
Vantage Point Visuals,5,18,3636 S Iron St,Chicago,Illinois,US,http://www.vantagepointvisuals.com/,(312) 833-0951
Next DIGITAL,5,60,,,,,http://www.nextdigitaltraining.com/,(773) 349-2705
Koko's Digital Marketing,,,10208 S Indianapolis Ave,Chicago,Illinois,US,,(224) 216-4995
616 MARKETING INC,,,9204 S Commercial Ave ste 211,Chicago,Illinois,US,http://www.616marketing.com/,(347) 208-8007
The Loung Online,4.5,4,9109 S Paxton Ave,Chicago,Illinois,US,,(312) 801-6436
Barcia Web Design Agency,5,1,11501 S Ave J,Chicago,Illinois,US,http://barciastech.com/,(708) 314-0477
DS&P Digital Marketing & PR Agency,4.9,76,332 S Michigan Ave #900,Chicago,Illinois,US,http://www.dial911fordesign.com/,(888) 722-1998
Apex Nova Digital Marketing,5,1,,,,,http://apxnova.com/,(219) 200-2113
Digital Marketing Agency,5,4,111 E Wacker Dr,Chicago,Illinois,US,https://www.digitalmarketingagency.com/,(800) 569-2754
222 Digital Marketing Agency Chicago,5,25,222 W Merchandise Mart Plaza #1212,Chicago,Illinois,US,https://222digitalmarketing.com/,(312) 896-3005
Rells Digital Marketing LLC,,,E 100th Pl,Chicago,Illinois,US,https://www.rellsdigitalmarketing.com/?utm_source=google&utm_medium=wix_google_business_profile&utm_campaign=5243468596024931966,(872) 309-3203
"Osmo Web Agency, LLC",5,35,7427 S South Shore Dr #4K,Chicago,Illinois,US,https://www.osmoagency.com/,(312) 937-6185
Webify Marketing,,,,,,,https://www.webifymarketing.com/,(872) 216-8463
Top Notch Advertising Agency,5,4,7703 S Green St,Chicago,Illinois,US,https://www.facebook.com/grindmodepromo?mibextid=ZbWKwL,
Revamp Digital,,,#496321,Chicago,Illinois,US,,(312) 623-3874
"Hyper-local Marketing, Inc",,,7648 S Cornell Ave,Chicago,Illinois,US,http://www.hyperlocal-marketing.com/,(708) 808-0830
My Bounce Media,,,1200 W 35th St,Chicago,Illinois,US,http://mybouncemedia.com/,(312) 469-0320
Krea-tek E-Marketing Group,,,9518 S Wallace St,Chicago,Illinois,US,http://www.krea-tek.net/,(312) 330-0924
Cedeno Graphics Studio Inc,,,820 W 120th St,Chicago,Illinois,US,http://cgraphicss.com/home.html,(773) 995-8182
"OmniSuite, LLC",5,16,11001 S Michigan Ave,Chicago,Illinois,US,https://www.theomnisuite.com/,(773) 747-3066
IMPACT Family Center,4.5,58,11571 S Wentworth Ave,Chicago,Illinois,US,https://www.impactfamilycenter.org/,(773) 998-1432
Fiery Mind AI,,,,,,,,(307) 264-0635
Space Age Marketing,4.7,55,425 E 75th St,Chicago,Illinois,US,http://www.spaceagemarketing.com/,(773) 723-7746
TLj Creative Marketing LLC,5,13,,,,,https://tljcreativemarketing.com/,(312) 798-9332
Monarch & Company,,,6127 S University Ave,Chicago,Illinois,US,,(773) 256-7357
"Dominion Designs & Media, LLC",5,20,6127 S University Ave STE 1203,Chicago,Illinois,US,http://www.dominiondesignsmm.com/,(773) 985-2703
Lunar Media,,,1200 W 35th St,Chicago,Illinois,US,,(312) 331-0453
Black Box Creative Inc.,,,432 E 46th Pl Unit 2,Chicago,Illinois,US,http://www.blackboxcreative.com/,(312) 775-2269
JES Marketing,1,1,5645 S Archer Ave,Chicago,Illinois,US,https://jes.marketing/contact,(773) 369-5831
KPP Marketing,,,821 W 34th Pl,Chicago,Illinois,US,https://kppmarketing.com/contact/,(312) 678-1283
Choice MediaWorks Design Studio,,,7805 S Laflin St,Chicago,Illinois,US,,(312) 569-9106
Roka Graphics Inc,5,54,3118 W 63rd St,Chicago,Illinois,US,http://www.rokagraphics.com/,(773) 816-6337
"Sketches and Pixels, LLC",5,1,1452 E 53rd St 2nd floor,Chicago,Illinois,US,https://sketchesandpixels.com/,(312) 533-0300
B&C Marketing Hub,,,"5058, Unit A",Chicago,IL,US,https://www.bcmarketinghub.com/,(833) 988-5020
CDMC L.L.C,5,7,5500 S Shore Dr,Chicago,Illinois,US,,(224) 633-8384
D G Technologies LLC,,,4800 S Lake Park Ave,Chicago,Illinois,US,https://www.d-g-technologies.com/,(773) 930-7300
Calmark Inc,3,2,1400 W 44th St,Chicago,Illinois,US,,(773) 247-7200
Affili8 Consulting,,,5632 S Prairie Ave,Chicago,Illinois,US,https://affili8consulting.com/,(773) 517-0135
,5,12,2845 W 48th Pl Suite B,Chicago,Illinois,US,,(773) 285-0044
AWEB SYSTEMS,,,4222 Bass Pro Dr #401,Garland,Texas,US,https://www.awebsystems.com/,
The Old State,4.8,17,1720 Ocalla Ave,Dallas,Texas,US,https://www.theoldstate.com/,(214) 484-4449
Iconier Digital Marketing Agency,4.9,49,3710 Rawlins St #1420,Dallas,Texas,US,https://www.iconier.com/?utm_source=google&utm_medium=organic&utm_campaign=google_business_profile&utm_content=dallas,(702) 238-5098
,5,40,5220 Spring Valley Rd Suite 605,Dallas,Texas,US,https://doneandco.com/,(214) 864-2116
RUNNER Agency,5,54,3309 Elm St suite 207,Dallas,Texas,US,https://runneragency.com/?utm_source=GMB&utm_medium=organic&utm_campaign=gbp-listing,(214) 396-8500
LaGrande Marketing,5,49,1808 S Good Latimer Expy #102,Dallas,Texas,US,https://lagrandemarketing.com/?utm_source=google&utm_medium=organic&utm_campaign=gbp_listing,(469) 625-4881
The Nix Company,5,5,6301 Gaston Ave Suite 200,Dallas,Texas,US,http://www.thenix.co/,(214) 810-0363
Boxcar Creative,4.6,9,2422 S Malcolm X Blvd,Dallas,Texas,US,https://boxcaraandm.com/,(469) 227-8537
TRG,4.6,34,2700 Commerce St Suite 100A,Dallas,Texas,US,https://trg.agency/,(214) 891-5700
The Infinite Agency,4.6,8,2122 Kidwell St #100,Dallas,Texas,US,https://theinfiniteagency.com/?utm_source=google&utm_medium=Google%20My%20Business%20Listing%20(Dallas)&utm_campaign=GMB,(214) 561-6250
Groove Jones,4.6,11,3927 Main St Suite 130,Dallas,Texas,US,https://www.groovejones.com/,(214) 749-0094
Tractorbeam,4.9,7,1526 S Good Latimer Expy Suite 130,Dallas,Texas,US,https://tractorbeam.com/?utm_source=gmb_site&utm_medium=organic,(214) 747-5400
Caliber Creative,5,2,501 S Second Ave B-108,Dallas,Texas,US,https://www.calibercreative.com/wordpress/,(214) 741-4488
Champion Management,4.1,18,4621 Ross Ave suite 110,Dallas,Texas,US,http://championmgt.com/,(972) 930-9933
Click Here Labs,4,14,2700 Commerce St Suite 100A,Dallas,Texas,US,https://www.clickherelabs.com/,(214) 891-5700
Ascendly Marketing and Website Design,5,52,4245 N Central Expy,Dallas,Texas,US,https://ascendlymarketing.com/marketing-agency-dallas/?utm_source=Google&utm_medium=Local+SEO&utm_campaign=GBP+Dallas,(469) 802-2997
Tomatoes Advertising,5,3,2919 Commerce St #104,Dallas,Texas,US,https://tomatoes.digital/,(512) 961-8580
,,,,,,,,
,,,,,,,,
,,,,,,,,
,,,,,,,,
,,,,,,,,
,,,,,,,,
,,,,,,,,
,,,,,,,,
,,,,,,,,
,,,,,,,,
,,,,,,,,
,,,,,,,,
,,,,,,,,
,,,,,,,,
,,,,,,,,
,,,,,,,,
,,,,,,,,
,,,,,,,,
,,,,,,,,
,,,,,,,,
,,,,,,,,
,,,,,,,,
,,,,,,,,
,,,,,,,,
,,,,,,,,
,,,,,,,,
,,,,,,,,
,,,,,,,,
,,,,,,,,
,,,,,,,,
,,,,,,,,
,,,,,,,,
,,,,,,,,
,,,,,,,,
,,,,,,,,
,,,,,,,,
,,,,,,,,
,,,,,,,,
,,,,,,,,
,,,,,,,,
,,,,,,,,
,,,,,,,,
,,,,,,,,
,,,,,,,,
,,,,,,,,
,,,,,,,,
,,,,,,,,
,,,,,,,,
,,,,,,,,
,,,,,,,,
,,,,,,,,
,,,,,,,,
,,,,,,,,
,,,,,,,,
,,,,,,,,
,,,,,,,,
,,,,,,,,
,,,,,,,,
,,,,,,,,
,,,,,,,,
,,,,,,,,
,,,,,,,,
,,,,,,,,
,,,,,,,,
,,,,,,,,
,,,,,,,,
,,,,,,,,
,,,,,,,,
,,,,,,,,
,,,,,,,,
,,,,,,,,
,,,,,,,,
,,,,,,,,
,,,,,,,,
,,,,,,,,
